{"model_ABCD_cycle_2_epoch_919": {"val_loss": 0.6974953306402932, "val_f1": 0.7636367762715558, "train_loss": 0.8887834587272355, "config": {"batch_size": 24, "hidden_dim": 128, "latent_dim": 8, "num_classes": 6, "dataset_name": "ABCD", "input_dim": 1, "edge_dim": 7}}, "model_ABCD_cycle_1_epoch_75": {"val_loss": 1.1554806016068508, "val_f1": 0.5898561509280683, "train_loss": 1.3027558661355765, "config": {"batch_size": 24, "hidden_dim": 128, "latent_dim": 8, "num_classes": 6, "dataset_name": "ABCD", "input_dim": 1, "edge_dim": 7}}, "model_ABCD_cycle_1_epoch_780": {"val_loss": 0.7130696556550709, "val_f1": 0.7555403293197427, "train_loss": 0.9035417456800026, "config": {"batch_size": 24, "hidden_dim": 128, "latent_dim": 8, "num_classes": 6, "dataset_name": "ABCD", "input_dim": 1, "edge_dim": 7}}, "model_ABCD_cycle_2_epoch_100": {"val_loss": 1.1372274430270524, "val_f1": 0.5919703335052147, "train_loss": 1.3063958990724434, "config": {"batch_size": 24, "hidden_dim": 128, "latent_dim": 8, "num_classes": 6, "dataset_name": "ABCD", "input_dim": 1, "edge_dim": 7}}, "model_ABCD_cycle_3_epoch_108": {"val_loss": 1.1199469856838598, "val_f1": 0.591358121703335, "train_loss": 1.2912072695526546, "config": {"batch_size": 24, "hidden_dim": 128, "latent_dim": 8, "num_classes": 6, "dataset_name": "ABCD", "input_dim": 1, "edge_dim": 7}}, "model_ABCD_cycle_3_epoch_999": {"val_loss": 0.6774696083045861, "val_f1": 0.7717576586262, "train_loss": 0.861100847297161, "config": {"batch_size": 24, "hidden_dim": 128, "latent_dim": 8, "num_classes": 6, "dataset_name": "ABCD", "input_dim": 1, "edge_dim": 7}}, "model_cycle_0_outlier_discounting_loss": {"val_loss": 2.784781659648558, "val_f1": 0.20119015466757528, "train_loss": 1.09340338571474, "config": {"dataset_name": "ABCD", "input_dim": 1, "edge_dim": 7, "batch_size": 64, "hidden_dim": 128, "latent_dim": 8, "num_classes": 6}}, "model_epoch_1_cross_entropy_loss": {"val_loss": 1.6163727890884014, "val_f1": 0.2751371535551321, "train_loss": 1.905844718252066, "config": {"dataset_name": "ABCD", "input_dim": 1, "edge_dim": 7, "batch_size": 64, "hidden_dim": 128, "latent_dim": 8, "num_classes": 6}}, "model_epoch_2_cross_entropy_loss": {"val_loss": 1.6926852266221861, "val_f1": 0.24268159289436864, "train_loss": 1.8667892145097735, "config": {"dataset_name": "ABCD", "input_dim": 1, "edge_dim": 7, "batch_size": 64, "hidden_dim": 128, "latent_dim": 8, "num_classes": 6}}, "model_epoch_3_cross_entropy_loss": {"val_loss": 1.8662758802847528, "val_f1": 0.22194093856859873, "train_loss": 2.8130040858561083, "config": {"dataset_name": "ABCD", "input_dim": 1, "edge_dim": 7, "batch_size": 64, "hidden_dim": 128, "latent_dim": 8, "num_classes": 6}}, "model_epoch_1_ncod_loss": {"val_loss": 1.6434021703685056, "val_f1": 0.272191286162044, "train_loss": 2.7960505326771434, "config": {"dataset_name": "ABCD", "input_dim": 1, "edge_dim": 7, "batch_size": 64, "hidden_dim": 128, "latent_dim": 8, "num_classes": 6}}, "model_epoch_2_ncod_loss": {"val_loss": 1.7457760176894037, "val_f1": 0.2568534138821558, "train_loss": 3.6908366603500946, "config": {"dataset_name": "ABCD", "input_dim": 1, "edge_dim": 7, "batch_size": 64, "hidden_dim": 128, "latent_dim": 8, "num_classes": 6}}, "model_epoch_3_ncod_loss": {"val_loss": 1.7189162805351406, "val_f1": 0.26911306001400265, "train_loss": 2.994430821196494, "config": {"dataset_name": "ABCD", "input_dim": 1, "edge_dim": 7, "batch_size": 64, "hidden_dim": 128, "latent_dim": 8, "num_classes": 6}}}