{
    "model_ABCD_cycle_2_epoch_919": {
        "val_loss": 0.6974953306402932,
        "val_f1": 0.7636367762715558,
        "train_loss": 0.8887834587272355,
        "config": {
            "batch_size": 24,
            "hidden_dim": 128,
            "latent_dim": 8,
            "num_classes": 6,
            "input_dim": 1,
            "edge_dim": 7
        }
    },
    "model_ABCD_cycle_1_epoch_75": {
        "val_loss": 1.1554806016068508,
        "val_f1": 0.5898561509280683,
        "train_loss": 1.3027558661355765,
        "config": {
            "batch_size": 24,
            "hidden_dim": 128,
            "latent_dim": 8,
            "num_classes": 6,
            "input_dim": 1,
            "edge_dim": 7
        }
    },
    "model_ABCD_cycle_1_epoch_780": {
        "val_loss": 0.7130696556550709,
        "val_f1": 0.7555403293197427,
        "train_loss": 0.9035417456800026,
        "config": {
            "batch_size": 24,
            "hidden_dim": 128,
            "latent_dim": 8,
            "num_classes": 6,
            "input_dim": 1,
            "edge_dim": 7
        }
    },
    "model_ABCD_cycle_2_epoch_100": {
        "val_loss": 1.1372274430270524,
        "val_f1": 0.5919703335052147,
        "train_loss": 1.3063958990724434,
        "config": {
            "batch_size": 24,
            "hidden_dim": 128,
            "latent_dim": 8,
            "num_classes": 6,
            "input_dim": 1,
            "edge_dim": 7
        }
    },
    "model_ABCD_cycle_3_epoch_108": {
        "val_loss": 1.1199469856838598,
        "val_f1": 0.591358121703335,
        "train_loss": 1.2912072695526546,
        "config": {
            "batch_size": 24,
            "hidden_dim": 128,
            "latent_dim": 8,
            "num_classes": 6,
            "input_dim": 1,
            "edge_dim": 7
        }
    },
    "model_ABCD_cycle_3_epoch_999": {
        "val_loss": 0.6774696083045861,
        "val_f1": 0.7717576586262,
        "train_loss": 0.861100847297161,
        "config": {
            "batch_size": 24,
            "hidden_dim": 128,
            "latent_dim": 8,
            "num_classes": 6,
            "input_dim": 1,
            "edge_dim": 7
        }
    },
    "model_ABCD_epoch_1": {
        "val_loss": 1.6061961898573778,
        "val_f1": 0.3137994624689848,
        "train_loss": 2.271433607992704,
        "config": {
            "input_dim": 1,
            "edge_dim": 7,
            "batch_size": 64,
            "hidden_dim": 128,
            "latent_dim": 8,
            "num_classes": 6
        }
    }
}