{
    "model_C_cycle_8_epoch_46": {
        "val_loss": 0.33808239580442506,
        "val_f1": 0.8589921370797621,
        "train_loss": 0.39527744279863936,
        "config": {
            "batch_size": 32,
            "hidden_dim": 128,
            "latent_dim": 8,
            "num_classes": 6,
            "input_dim": 1,
            "edge_dim": 7
        }
    },
    "model_C_cycle_6_epoch_20": {
        "val_loss": 0.3089339911627273,
        "val_f1": 0.8712874962903457,
        "train_loss": 0.378348710325857,
        "config": {
            "batch_size": 32,
            "hidden_dim": 128,
            "latent_dim": 8,
            "num_classes": 6,
            "input_dim": 1,
            "edge_dim": 7
        }
    },
    "model_C_cycle_7_epoch_20": {
        "val_loss": 0.32452395496269065,
        "val_f1": 0.8636997926520827,
        "train_loss": 0.3720440096221864,
        "config": {
            "batch_size": 32,
            "hidden_dim": 128,
            "latent_dim": 8,
            "num_classes": 6,
            "input_dim": 1,
            "edge_dim": 7
        }
    },
    "model_C_cycle_5_epoch_15": {
        "val_loss": 0.3580956682562828,
        "val_f1": 0.8465391742730907,
        "train_loss": 0.4026253796182573,
        "config": {
            "batch_size": 32,
            "hidden_dim": 128,
            "latent_dim": 8,
            "num_classes": 6,
            "input_dim": 1,
            "edge_dim": 7
        }
    },
    "model_C_cycle_2_epoch_63": {
        "val_loss": 0.30994413513690233,
        "val_f1": 0.871954561677769,
        "train_loss": 0.3742494620382786,
        "config": {
            "batch_size": 32,
            "hidden_dim": 128,
            "latent_dim": 8,
            "num_classes": 6,
            "input_dim": 1,
            "edge_dim": 7
        }
    },
    "model_C_cycle_3_epoch_67": {
        "val_loss": 0.35544156438360613,
        "val_f1": 0.8530434061890685,
        "train_loss": 0.44101742763693136,
        "config": {
            "batch_size": 32,
            "hidden_dim": 128,
            "latent_dim": 8,
            "num_classes": 6,
            "input_dim": 1,
            "edge_dim": 7
        }
    },
    "model_C_cycle_1_epoch_47": {
        "val_loss": 0.3048245737639566,
        "val_f1": 0.8656762079296502,
        "train_loss": 0.3759239297360182,
        "config": {
            "batch_size": 32,
            "hidden_dim": 128,
            "latent_dim": 8,
            "num_classes": 6,
            "input_dim": 1,
            "edge_dim": 7
        }
    },
    "model_C_cycle_9_epoch_39": {
        "val_loss": 0.3184494335825245,
        "val_f1": 0.8720689461373737,
        "train_loss": 0.38834741137300927,
        "config": {
            "batch_size": 32,
            "hidden_dim": 128,
            "latent_dim": 8,
            "num_classes": 6,
            "input_dim": 1,
            "edge_dim": 7
        }
    },
    "model_C_cycle_10_epoch_35": {
        "val_loss": 0.3087908585245411,
        "val_f1": 0.8734272771511269,
        "train_loss": 0.3788354304463913,
        "config": {
            "batch_size": 32,
            "hidden_dim": 128,
            "latent_dim": 8,
            "num_classes": 6,
            "input_dim": 1,
            "edge_dim": 7
        }
    },
    "model_C_cycle_4_epoch_22": {
        "val_loss": 0.31378438758353394,
        "val_f1": 0.85634586693609,
        "train_loss": 0.3793196687474847,
        "config": {
            "batch_size": 32,
            "hidden_dim": 128,
            "latent_dim": 8,
            "num_classes": 6,
            "input_dim": 1,
            "edge_dim": 7
        }
    },
    "model_C_epoch_1": {
        "val_loss": 0.8211522176861763,
        "val_f1": 0.7004061064189632,
        "train_loss": 0.18091237087113163,
        "config": {
            "input_dim": 1,
            "edge_dim": 7,
            "batch_size": 64,
            "hidden_dim": 128,
            "latent_dim": 8,
            "num_classes": 6
        }
    },
    "model_C_epoch_2": {
        "val_loss": 0.8211522176861763,
        "val_f1": 0.7004061064189632,
        "train_loss": 0.19142561871558428,
        "config": {
            "input_dim": 1,
            "edge_dim": 7,
            "batch_size": 64,
            "hidden_dim": 128,
            "latent_dim": 8,
            "num_classes": 6
        }
    }
}