{
    "model_C_cycle_8_epoch_46": {
        "val_loss": 0.33808239580442506,
        "val_f1": 0.8589921370797621,
        "train_loss": 0.39527744279863936,
        "config": {
            "batch_size": 32,
            "hidden_dim": 128,
            "latent_dim": 8,
            "num_classes": 6,
            "input_dim": 1,
            "edge_dim": 7
        }
    },
    "model_C_cycle_6_epoch_20": {
        "val_loss": 0.3089339911627273,
        "val_f1": 0.8712874962903457,
        "train_loss": 0.378348710325857,
        "config": {
            "batch_size": 32,
            "hidden_dim": 128,
            "latent_dim": 8,
            "num_classes": 6,
            "input_dim": 1,
            "edge_dim": 7
        }
    },
    "model_C_cycle_7_epoch_20": {
        "val_loss": 0.32452395496269065,
        "val_f1": 0.8636997926520827,
        "train_loss": 0.3720440096221864,
        "config": {
            "batch_size": 32,
            "hidden_dim": 128,
            "latent_dim": 8,
            "num_classes": 6,
            "input_dim": 1,
            "edge_dim": 7
        }
    },
    "model_C_cycle_5_epoch_15": {
        "val_loss": 0.3580956682562828,
        "val_f1": 0.8465391742730907,
        "train_loss": 0.4026253796182573,
        "config": {
            "batch_size": 32,
            "hidden_dim": 128,
            "latent_dim": 8,
            "num_classes": 6,
            "input_dim": 1,
            "edge_dim": 7
        }
    },
    "model_C_cycle_2_epoch_63": {
        "val_loss": 0.30994413513690233,
        "val_f1": 0.871954561677769,
        "train_loss": 0.3742494620382786,
        "config": {
            "batch_size": 32,
            "hidden_dim": 128,
            "latent_dim": 8,
            "num_classes": 6,
            "input_dim": 1,
            "edge_dim": 7
        }
    },
    "model_C_cycle_3_epoch_67": {
        "val_loss": 0.35544156438360613,
        "val_f1": 0.8530434061890685,
        "train_loss": 0.44101742763693136,
        "config": {
            "batch_size": 32,
            "hidden_dim": 128,
            "latent_dim": 8,
            "num_classes": 6,
            "input_dim": 1,
            "edge_dim": 7
        }
    },
    "model_C_cycle_1_epoch_47": {
        "val_loss": 0.3048245737639566,
        "val_f1": 0.8656762079296502,
        "train_loss": 0.3759239297360182,
        "config": {
            "batch_size": 32,
            "hidden_dim": 128,
            "latent_dim": 8,
            "num_classes": 6,
            "input_dim": 1,
            "edge_dim": 7
        }
    },
    "model_C_cycle_9_epoch_39": {
        "val_loss": 0.3184494335825245,
        "val_f1": 0.8720689461373737,
        "train_loss": 0.38834741137300927,
        "config": {
            "batch_size": 32,
            "hidden_dim": 128,
            "latent_dim": 8,
            "num_classes": 6,
            "input_dim": 1,
            "edge_dim": 7
        }
    },
    "model_C_cycle_10_epoch_35": {
        "val_loss": 0.3087908585245411,
        "val_f1": 0.8734272771511269,
        "train_loss": 0.3788354304463913,
        "config": {
            "batch_size": 32,
            "hidden_dim": 128,
            "latent_dim": 8,
            "num_classes": 6,
            "input_dim": 1,
            "edge_dim": 7
        }
    },
    "model_C_cycle_4_epoch_22": {
        "val_loss": 0.31378438758353394,
        "val_f1": 0.85634586693609,
        "train_loss": 0.3793196687474847,
        "config": {
            "batch_size": 32,
            "hidden_dim": 128,
            "latent_dim": 8,
            "num_classes": 6,
            "input_dim": 1,
            "edge_dim": 7
        }
    },
    "model_C_epoch_1": {
        "val_loss": 1.2088500335812569,
        "val_f1": 0.6035182194971102,
        "train_loss": 1.2073640748858452,
        "config": {
            "input_dim": 1,
            "edge_dim": 7,
            "batch_size": 64,
            "hidden_dim": 128,
            "latent_dim": 8,
            "num_classes": 6
        }
    },
    "model_C_epoch_2": {
        "val_loss": 0.9627503703037897,
        "val_f1": 0.5478298967142721,
        "train_loss": 3.5329568473001323,
        "config": {
            "input_dim": 1,
            "edge_dim": 7,
            "batch_size": 64,
            "hidden_dim": 128,
            "latent_dim": 8,
            "num_classes": 6
        }
    },
    "model_C_epoch_4": {
        "val_loss": 0.9140200763940811,
        "val_f1": 0.6031429589686735,
        "train_loss": 2.1885693029810986,
        "config": {
            "input_dim": 1,
            "edge_dim": 7,
            "batch_size": 64,
            "hidden_dim": 128,
            "latent_dim": 8,
            "num_classes": 6
        }
    },
    "model_C_epoch_6": {
        "val_loss": 0.740043950577577,
        "val_f1": 0.715292732067745,
        "train_loss": 0.7585649409641823,
        "config": {
            "input_dim": 1,
            "edge_dim": 7,
            "batch_size": 64,
            "hidden_dim": 128,
            "latent_dim": 8,
            "num_classes": 6
        }
    },
    "model_C_epoch_3": {
        "val_loss": 0.9140200763940811,
        "val_f1": 0.6031429589686735,
        "train_loss": 0.9162236675620079,
        "config": {
            "input_dim": 1,
            "edge_dim": 7,
            "batch_size": 64,
            "hidden_dim": 128,
            "latent_dim": 8,
            "num_classes": 6
        }
    },
    "model_C_epoch_5": {
        "val_loss": 0.839636484781901,
        "val_f1": 0.6051375949674344,
        "train_loss": 1.3456067461520433,
        "config": {
            "input_dim": 1,
            "edge_dim": 7,
            "batch_size": 64,
            "hidden_dim": 128,
            "latent_dim": 8,
            "num_classes": 6
        }
    },
    "model_C_epoch_9": {
        "val_loss": 0.7611731017629305,
        "val_f1": 0.686483495863054,
        "train_loss": 0.794249209885796,
        "config": {
            "input_dim": 1,
            "edge_dim": 7,
            "batch_size": 64,
            "hidden_dim": 128,
            "latent_dim": 8,
            "num_classes": 6
        }
    },
    "model_C_epoch_12": {
        "val_loss": 0.8708012625575066,
        "val_f1": 0.6991499892460934,
        "train_loss": 0.8017846308648586,
        "config": {
            "input_dim": 1,
            "edge_dim": 7,
            "batch_size": 64,
            "hidden_dim": 128,
            "latent_dim": 8,
            "num_classes": 6
        }
    },
    "model_C_epoch_15": {
        "val_loss": 0.6930404131611189,
        "val_f1": 0.738379691959898,
        "train_loss": 0.9351647502432267,
        "config": {
            "input_dim": 1,
            "edge_dim": 7,
            "batch_size": 64,
            "hidden_dim": 128,
            "latent_dim": 8,
            "num_classes": 6
        }
    },
    "model_C_epoch_10": {
        "val_loss": 0.6533757348855337,
        "val_f1": 0.7196295051825409,
        "train_loss": 0.7555014298607906,
        "config": {
            "input_dim": 1,
            "edge_dim": 7,
            "batch_size": 64,
            "hidden_dim": 128,
            "latent_dim": 8,
            "num_classes": 6
        }
    },
    "model_C_epoch_7": {
        "val_loss": 0.740043950577577,
        "val_f1": 0.715292732067745,
        "train_loss": 2.1951201427727938,
        "config": {
            "input_dim": 1,
            "edge_dim": 7,
            "batch_size": 64,
            "hidden_dim": 128,
            "latent_dim": 8,
            "num_classes": 6
        }
    },
    "model_C_epoch_8": {
        "val_loss": 0.7878412107626597,
        "val_f1": 0.6771474394109619,
        "train_loss": 2.103123395393292,
        "config": {
            "input_dim": 1,
            "edge_dim": 7,
            "batch_size": 64,
            "hidden_dim": 128,
            "latent_dim": 8,
            "num_classes": 6
        }
    },
    "model_C_epoch_16": {
        "val_loss": 0.7123131131132444,