{
    "model_D_cycle_2_epoch_48": {
        "val_loss": 0.3711374927355622,
        "val_f1": 0.76939691078647,
        "train_loss": 0.4133626788506712,
        "config": {
            "batch_size": 32,
            "hidden_dim": 128,
            "latent_dim": 8,
            "num_classes": 6,
            "input_dim": 1,
            "edge_dim": 7
        }
    },
    "model_D_cycle_3_epoch_0": {
        "val_loss": 0.3767075408757429,
        "val_f1": 0.7856584833561401,
        "train_loss": 0.4609595508195083,
        "config": {
            "batch_size": 32,
            "hidden_dim": 128,
            "latent_dim": 8,
            "num_classes": 6,
            "input_dim": 1,
            "edge_dim": 7
        }
    },
    "model_D_cycle_6_epoch_0": {
        "val_loss": 0.404863295388129,
        "val_f1": 0.7761176467918718,
        "train_loss": 0.4520777266776979,
        "config": {
            "batch_size": 32,
            "hidden_dim": 128,
            "latent_dim": 8,
            "num_classes": 6,
            "input_dim": 1,
            "edge_dim": 7
        }
    },
    "model_D_cycle_1_epoch_2": {
        "val_loss": 0.3784139954162479,
        "val_f1": 0.7848763139936931,
        "train_loss": 0.4556893341040333,
        "config": {
            "batch_size": 32,
            "hidden_dim": 128,
            "latent_dim": 8,
            "num_classes": 6,
            "input_dim": 1,
            "edge_dim": 7
        }
    },
    "model_D_cycle_4_epoch_0": {
        "val_loss": 0.3583937804522681,
        "val_f1": 0.7977187136024555,
        "train_loss": 0.42260398788210946,
        "config": {
            "batch_size": 32,
            "hidden_dim": 128,
            "latent_dim": 8,
            "num_classes": 6,
            "input_dim": 1,
            "edge_dim": 7
        }
    },
    "model_D_cycle_10_epoch_0": {
        "val_loss": 0.38606383167352193,
        "val_f1": 0.7871081524330193,
        "train_loss": 0.4569533093894038,
        "config": {
            "batch_size": 32,
            "hidden_dim": 128,
            "latent_dim": 8,
            "num_classes": 6,
            "input_dim": 1,
            "edge_dim": 7
        }
    },
    "model_D_cycle_7_epoch_2": {
        "val_loss": 0.3904831698200582,
        "val_f1": 0.782291859814129,
        "train_loss": 0.46600741994520106,
        "config": {
            "batch_size": 32,
            "hidden_dim": 128,
            "latent_dim": 8,
            "num_classes": 6,
            "input_dim": 1,
            "edge_dim": 7
        }
    },
    "model_D_cycle_5_epoch_26": {
        "val_loss": 0.3836111572466008,
        "val_f1": 0.7786910735389425,
        "train_loss": 0.4413108369951582,
        "config": {
            "batch_size": 32,
            "hidden_dim": 128,
            "latent_dim": 8,
            "num_classes": 6,
            "input_dim": 1,
            "edge_dim": 7
        }
    },
    "model_D_cycle_9_epoch_2": {
        "val_loss": 0.380931698162732,
        "val_f1": 0.785702309260062,
        "train_loss": 0.4293571514030375,
        "config": {
            "batch_size": 32,
            "hidden_dim": 128,
            "latent_dim": 8,
            "num_classes": 6,
            "input_dim": 1,
            "edge_dim": 7
        }
    },
    "model_D_cycle_8_epoch_2": {
        "val_loss": 0.3480546352696326,
        "val_f1": 0.8061771118400283,
        "train_loss": 0.42215088578049775,
        "config": {
            "batch_size": 32,
            "hidden_dim": 128,
            "latent_dim": 8,
            "num_classes": 6,
            "input_dim": 1,
            "edge_dim": 7
        }
    },
    "model_D_epoch_1": {
        "val_loss": 0.7273787399210355,
        "val_f1": 0.6457524651415859,
        "train_loss": 0.867538537960572,
        "config": {
            "input_dim": 1,
            "edge_dim": 7,
            "batch_size": 64,
            "hidden_dim": 128,
            "latent_dim": 8,
            "num_classes": 6
        }
    },
    "model_D_epoch_2": {
        "val_loss": 0.6895134259986506,
        "val_f1": 0.6626533100485308,
        "train_loss": 0.850923484633405,
        "config": {
            "input_dim": 1,
            "edge_dim": 7,
            "batch_size": 64,
            "hidden_dim": 128,
            "latent_dim": 8,
            "num_classes": 6
        }
    },
    "model_D_epoch_3": {
        "val_loss": 0.7556133233155722,
        "val_f1": 0.6191220836916468,
        "train_loss": 3.423950314985639,
        "config": {
            "input_dim": 1,
            "edge_dim": 7,
            "batch_size": 64,
            "hidden_dim": 128,
            "latent_dim": 8,
            "num_classes": 6
        }
    },
    "model_D_epoch_6": {
        "val_loss": 0.6895134259986506,
        "val_f1": 0.6626533100485308,
        "train_loss": 0.8087529196813412,
        "config": {
            "input_dim": 1,
            "edge_dim": 7,
            "batch_size": 64,
            "hidden_dim": 128,
            "latent_dim": 8,
            "num_classes": 6
        }
    },
    "model_D_epoch_9": {
        "val_loss": 0.8608395223023827,
        "val_f1": 0.5987692604266529,
        "train_loss": 0.8725514212471038,
        "config": {
            "input_dim": 1,
            "edge_dim": 7,
            "batch_size": 64,
            "hidden_dim": 128,
            "latent_dim": 8,
            "num_classes": 6
        }
    },
    "model_D_epoch_12": {
        "val_loss": 0.7589710300302691,
        "val_f1": 0.6379527060728158,
        "train_loss": 0.16655722347446916,
        "config": {
            "input_dim": 1,
            "edge_dim": 7,
            "batch_size": 64,
            "hidden_dim": 128,
            "latent_dim": 8,
            "num_classes": 6
        }
    },
    "model_D_epoch_4": {
        "val_loss": 0.7143958758287393,
        "val_f1": 0.6501476974559366,
        "train_loss": 0.21187180303877895,
        "config": {
            "input_dim": 1,
            "edge_dim": 7,
            "batch_size": 64,
            "hidden_dim": 128,
            "latent_dim": 8,
            "num_classes": 6
        }
    }
}