{"model_D_cycle_2_epoch_48": {"val_loss": 0.3711374927355622, "val_f1": 0.76939691078647, "train_loss": 0.4133626788506712, "config": {"batch_size": 32, "hidden_dim": 128, "latent_dim": 8, "num_classes": 6, "input_dim": 1, "edge_dim": 7}}, "model_D_cycle_3_epoch_0": {"val_loss": 0.3767075408757429, "val_f1": 0.7856584833561401, "train_loss": 0.4609595508195083, "config": {"batch_size": 32, "hidden_dim": 128, "latent_dim": 8, "num_classes": 6, "input_dim": 1, "edge_dim": 7}}, "model_D_cycle_6_epoch_0": {"val_loss": 0.404863295388129, "val_f1": 0.7761176467918718, "train_loss": 0.4520777266776979, "config": {"batch_size": 32, "hidden_dim": 128, "latent_dim": 8, "num_classes": 6, "input_dim": 1, "edge_dim": 7}}, "model_D_cycle_1_epoch_2": {"val_loss": 0.3784139954162479, "val_f1": 0.7848763139936931, "train_loss": 0.4556893341040333, "config": {"batch_size": 32, "hidden_dim": 128, "latent_dim": 8, "num_classes": 6, "input_dim": 1, "edge_dim": 7}}, "model_D_cycle_4_epoch_0": {"val_loss": 0.3583937804522681, "val_f1": 0.7977187136024555, "train_loss": 0.42260398788210946, "config": {"batch_size": 32, "hidden_dim": 128, "latent_dim": 8, "num_classes": 6, "input_dim": 1, "edge_dim": 7}}, "model_D_cycle_10_epoch_0": {"val_loss": 0.38606383167352193, "val_f1": 0.7871081524330193, "train_loss": 0.4569533093894038, "config": {"batch_size": 32, "hidden_dim": 128, "latent_dim": 8, "num_classes": 6, "input_dim": 1, "edge_dim": 7}}, "model_D_cycle_7_epoch_2": {"val_loss": 0.3904831698200582, "val_f1": 0.782291859814129, "train_loss": 0.46600741994520106, "config": {"batch_size": 32, "hidden_dim": 128, "latent_dim": 8, "num_classes": 6, "input_dim": 1, "edge_dim": 7}}, "model_D_cycle_5_epoch_26": {"val_loss": 0.3836111572466008, "val_f1": 0.7786910735389425, "train_loss": 0.4413108369951582, "config": {"batch_size": 32, "hidden_dim": 128, "latent_dim": 8, "num_classes": 6, "input_dim": 1, "edge_dim": 7}}, "model_D_cycle_9_epoch_2": {"val_loss": 0.380931698162732, "val_f1": 0.785702309260062, "train_loss": 0.4293571514030375, "config": {"batch_size": 32, "hidden_dim": 128, "latent_dim": 8, "num_classes": 6, "input_dim": 1, "edge_dim": 7}}, "model_D_cycle_8_epoch_2": {"val_loss": 0.3480546352696326, "val_f1": 0.8061771118400283, "train_loss": 0.42215088578049775, "config": {"batch_size": 32, "hidden_dim": 128, "latent_dim": 8, "num_classes": 6, "input_dim": 1, "edge_dim": 7}}}