{"model_D_cycle_2_epoch_48": {"val_loss": 0.3711374927355622, "val_f1": 0.76939691078647, "train_loss": 0.4133626788506712, "config": {"batch_size": 32, "hidden_dim": 128, "latent_dim": 8, "num_classes": 6, "input_dim": 1, "edge_dim": 7}}, "model_D_cycle_3_epoch_0": {"val_loss": 0.3767075408757429, "val_f1": 0.7856584833561401, "train_loss": 0.4609595508195083, "config": {"batch_size": 32, "hidden_dim": 128, "latent_dim": 8, "num_classes": 6, "input_dim": 1, "edge_dim": 7}}, "model_D_cycle_6_epoch_0": {"val_loss": 0.404863295388129, "val_f1": 0.7761176467918718, "train_loss": 0.4520777266776979, "config": {"batch_size": 32, "hidden_dim": 128, "latent_dim": 8, "num_classes": 6, "input_dim": 1, "edge_dim": 7}}, "model_D_cycle_1_epoch_2": {"val_loss": 0.3784139954162479, "val_f1": 0.7848763139936931, "train_loss": 0.4556893341040333, "config": {"batch_size": 32, "hidden_dim": 128, "latent_dim": 8, "num_classes": 6, "input_dim": 1, "edge_dim": 7}}, "model_D_cycle_4_epoch_0": {"val_loss": 0.3583937804522681, "val_f1": 0.7977187136024555, "train_loss": 0.42260398788210946, "config": {"batch_size": 32, "hidden_dim": 128, "latent_dim": 8, "num_classes": 6, "input_dim": 1, "edge_dim": 7}}, "model_D_cycle_10_epoch_0": {"val_loss": 0.38606383167352193, "val_f1": 0.7871081524330193, "train_loss": 0.4569533093894038, "config": {"batch_size": 32, "hidden_dim": 128, "latent_dim": 8, "num_classes": 6, "input_dim": 1, "edge_dim": 7}}, "model_D_cycle_7_epoch_2": {"val_loss": 0.3904831698200582, "val_f1": 0.782291859814129, "train_loss": 0.46600741994520106, "config": {"batch_size": 32, "hidden_dim": 128, "latent_dim": 8, "num_classes": 6, "input_dim": 1, "edge_dim": 7}}, "model_D_cycle_5_epoch_26": {"val_loss": 0.3836111572466008, "val_f1": 0.7786910735389425, "train_loss": 0.4413108369951582, "config": {"batch_size": 32, "hidden_dim": 128, "latent_dim": 8, "num_classes": 6, "input_dim": 1, "edge_dim": 7}}, "model_D_cycle_9_epoch_2": {"val_loss": 0.380931698162732, "val_f1": 0.785702309260062, "train_loss": 0.4293571514030375, "config": {"batch_size": 32, "hidden_dim": 128, "latent_dim": 8, "num_classes": 6, "input_dim": 1, "edge_dim": 7}}, "model_D_cycle_8_epoch_2": {"val_loss": 0.3480546352696326, "val_f1": 0.8061771118400283, "train_loss": 0.42215088578049775, "config": {"batch_size": 32, "hidden_dim": 128, "latent_dim": 8, "num_classes": 6, "input_dim": 1, "edge_dim": 7}}, "model_D_epoch_1": {"val_loss": 0.8934954182183232, "val_f1": 0.6376018506654292, "train_loss": 2.719446916060689, "config": {"input_dim": 1, "edge_dim": 7, "batch_size": 64, "hidden_dim": 128, "latent_dim": 8, "num_classes": 6}}, "model_D_epoch_2": {"val_loss": 0.9501660487067375, "val_f1": 0.6226020746591961, "train_loss": 2.621317051727948, "config": {"input_dim": 1, "edge_dim": 7, "batch_size": 64, "hidden_dim": 128, "latent_dim": 8, "num_classes": 6}}, "model_D_epoch_3": {"val_loss": 1.0222270061997587, "val_f1": 0.6261175766238508, "train_loss": 2.567818555386614, "config": {"input_dim": 1, "edge_dim": 7, "batch_size": 64, "hidden_dim": 128, "latent_dim": 8, "num_classes": 6}}, "model_D_epoch_6": {"val_loss": 0.9954834921350739, "val_f1": 0.622068297318835, "train_loss": 2.5434791438774376, "config": {"input_dim": 1, "edge_dim": 7, "batch_size": 64, "hidden_dim": 128, "latent_dim": 8, "num_classes": 6}}, "model_D_epoch_9": {"val_loss": 1.0929996791052912, "val_f1": 0.5907126402367027, "train_loss": 2.8029498014932477, "config": {"input_dim": 1, "edge_dim": 7, "batch_size": 64, "hidden_dim": 128, "latent_dim": 8, "num_classes": 6}}, "model_D_epoch_12": {"val_loss": 0.9501660487067375, "val_f1": 0.6226020746591961, "train_loss": 2.549834234705231, "config": {"input_dim": 1, "edge_dim": 7, "batch_size": 64, "hidden_dim": 128, "latent_dim": 8, "num_classes": 6}}, "model_D_epoch_4": {"val_loss": 1.0837497126731428, "val_f1": 0.49386696692558113, "train_loss": 3.0192153537319792, "config": {"input_dim": 1, "edge_dim": 7, "batch_size": 64, "hidden_dim": 128, "latent_dim": 8, "num_classes": 6}}, "model_D_epoch_8": {"val_loss": 1.0222270061997587, "val_f1": 0.6261175766238508, "train_loss": 3.0424480762926986, "config": {"input_dim": 1, "edge_dim": 7, "batch_size": 64, "hidden_dim": 128, "latent_dim": 8, "num_classes": 6}}, "model_D_epoch_5": {"val_loss": 1.0872714324683994, "val_f1": 0.54240881275961, "train_loss": 2.8818475170358147, "config": {"input_dim": 1, "edge_dim": 7, "batch_size": 64, "hidden_dim": 128, "latent_dim": 8, "num_classes": 6}}, "model_D_epoch_10": {"val_loss": 1.0096030696820657, "val_f1": 0.6169674760496187, "train_loss": 2.5509557408581447, "config": {"input_dim": 1, "edge_dim": 7, "batch_size": 64, "hidden_dim": 128, "latent_dim": 8, "num_classes": 6}}, "model_D_epoch_15": {"val_loss": 0.7846146777910017, "val_f1": 0.6335773726773399, "train_loss": 1.1378250133666548, "config": {"input_dim": 1, "edge_dim": 7, "batch_size": 64, "hidden_dim": 128, "latent_dim": 8, "num_classes": 6}}, "model_D_epoch_7": {"val_loss": 0.9954834921350739, "val_f1": 0.622068297318835, "train_loss": 2.8539242401197265, "config": {"input_dim": 1, "edge_dim": 7, "batch_size": 64, "hidden_dim": 128, "latent_dim": 8, "num_classes": 6}}, "model_D_epoch_14": {"val_loss": 0.5840018109820696, "val_f1": 0.6913603743036886, "train_loss": 1.1208940711930568, "config": {"input_dim": 1, "edge_dim": 7, "batch_size": 64, "hidden_dim": 128, "latent_dim": 8, "num_classes": 6}}, "model_D_epoch_16": {"val_loss": 0.6357196305048605, "val_f1": 0.6424302822337024, "train_loss": 0.9395028171836171, "config": {"input_dim": 1, "edge_dim": 7, "batch_size": 64, "hidden_dim": 128, "latent_dim": 8, "num_classes": 6}}}