{
    "model_B_cycle_7_epoch_20": {
        "val_loss": 1.3232468332563128,
        "val_f1": 0.5738890705936899,
        "train_loss": 1.3589541213853018,
        "config": {
            "batch_size": 32,
            "hidden_dim": 128,
            "latent_dim": 8,
            "num_classes": 6,
            "input_dim": 1,
            "edge_dim": 7
        }
    },
    "model_B_cycle_4_epoch_41": {
        "val_loss": 1.2795268177986145,
        "val_f1": 0.5821848198814132,
        "train_loss": 1.3396605108465467,
        "config": {
            "batch_size": 32,
            "hidden_dim": 128,
            "latent_dim": 8,
            "num_classes": 6,
            "input_dim": 1,
            "edge_dim": 7
        }
    },
    "model_B_cycle_1_epoch_52": {
        "val_loss": 1.3418401462691172,
        "val_f1": 0.5695393118310678,
        "train_loss": 1.4018578044005803,
        "config": {
            "batch_size": 32,
            "hidden_dim": 128,
            "latent_dim": 8,
            "num_classes": 6,
            "input_dim": 1,
            "edge_dim": 7
        }
    },
    "model_B_cycle_9_epoch_14": {
        "val_loss": 1.2841007930891855,
        "val_f1": 0.6047991045666721,
        "train_loss": 1.3858733092035567,
        "config": {
            "batch_size": 32,
            "hidden_dim": 128,
            "latent_dim": 8,
            "num_classes": 6,
            "input_dim": 1,
            "edge_dim": 7
        }
    },
    "model_B_cycle_6_epoch_12": {
        "val_loss": 1.3262013060706002,
        "val_f1": 0.5713164044629805,
        "train_loss": 1.3632232849087034,
        "config": {
            "batch_size": 32,
            "hidden_dim": 128,
            "latent_dim": 8,
            "num_classes": 6,
            "input_dim": 1,
            "edge_dim": 7
        }
    },
    "model_B_cycle_3_epoch_77": {
        "val_loss": 1.3939529759543283,
        "val_f1": 0.5435276316133851,
        "train_loss": 1.3533875478165491,
        "config": {
            "batch_size": 32,
            "hidden_dim": 128,
            "latent_dim": 8,
            "num_classes": 6,
            "input_dim": 1,
            "edge_dim": 7
        }
    },
    "model_B_cycle_8_epoch_7": {
        "val_loss": 1.301179483958653,
        "val_f1": 0.5782492161638302,
        "train_loss": 1.3442593327590397,
        "config": {
            "batch_size": 32,
            "hidden_dim": 128,
            "latent_dim": 8,
            "num_classes": 6,
            "input_dim": 1,
            "edge_dim": 7
        }
    },
    "model_B_cycle_10_epoch_2": {
        "val_loss": 1.2750447613852365,
        "val_f1": 0.5863744119485993,
        "train_loss": 1.4295049841914858,
        "config": {
            "batch_size": 32,
            "hidden_dim": 128,
            "latent_dim": 8,
            "num_classes": 6,
            "input_dim": 1,
            "edge_dim": 7
        }
    },
    "model_B_cycle_5_epoch_13": {
        "val_loss": 1.2837413907051087,
        "val_f1": 0.5844432928686049,
        "train_loss": 1.341037312575749,
        "config": {
            "batch_size": 32,
            "hidden_dim": 128,
            "latent_dim": 8,
            "num_classes": 6,
            "input_dim": 1,
            "edge_dim": 7
        }
    },
    "model_B_cycle_2_epoch_12": {
        "val_loss": 1.2798302888870239,
        "val_f1": 0.5944344934207824,
        "train_loss": 1.3513597309589387,
        "config": {
            "batch_size": 32,
            "hidden_dim": 128,
            "latent_dim": 8,
            "num_classes": 6,
            "input_dim": 1,
            "edge_dim": 7
        }
    },
    "model_B_epoch_1": {
        "val_loss": 1.5413459709712438,
        "val_f1": 0.4948592383367464,
        "train_loss": 0.3394207217863628,
        "config": {
            "input_dim": 1,
            "edge_dim": 7,
            "batch_size": 64,
            "hidden_dim": 128,
            "latent_dim": 8,
            "num_classes": 6
        }
    },
    "model_B_epoch_2": {
        "val_loss": 1.5273328747068133,
        "val_f1": 0.4607410202618991,
        "train_loss": 0.3171190368277686,
        "config": {
            "input_dim": 1,
            "edge_dim": 7,
            "batch_size": 64,
            "hidden_dim": 128,
            "latent_dim": 8,
            "num_classes": 6
        }
    },
    "model_B_epoch_3": {
        "val_loss": 1.5312826769692558,
        "val_f1": 0.47730920507561175,
        "train_loss": 0.32218136276517595,
        "config": {
            "input_dim": 1,
            "edge_dim": 7,
            "batch_size": 64,
            "hidden_dim": 128,
            "latent_dim": 8,
            "num_classes": 6
        }
    },
    "model_B_epoch_4": {
        "val_loss": 1.5413459709712438,
        "val_f1": 0.4948592383367464,
        "train_loss": 0.3284612681184496,
        "config": {
            "input_dim": 1,
            "edge_dim": 7,
            "batch_size": 64,
            "hidden_dim": 128,
            "latent_dim": 8,
            "num_classes": 6
        }
    }
}