{"model_B_cycle_7_epoch_20": {"val_loss": 1.3232468332563128, "val_f1": 0.5738890705936899, "train_loss": 1.3589541213853018, "config": {"batch_size": 32, "hidden_dim": 128, "latent_dim": 8, "num_classes": 6, "input_dim": 1, "edge_dim": 7}}, "model_B_cycle_4_epoch_41": {"val_loss": 1.2795268177986145, "val_f1": 0.5821848198814132, "train_loss": 1.3396605108465467, "config": {"batch_size": 32, "hidden_dim": 128, "latent_dim": 8, "num_classes": 6, "input_dim": 1, "edge_dim": 7}}, "model_B_cycle_1_epoch_52": {"val_loss": 1.3418401462691172, "val_f1": 0.5695393118310678, "train_loss": 1.4018578044005803, "config": {"batch_size": 32, "hidden_dim": 128, "latent_dim": 8, "num_classes": 6, "input_dim": 1, "edge_dim": 7}}, "model_B_cycle_9_epoch_14": {"val_loss": 1.2841007930891855, "val_f1": 0.6047991045666721, "train_loss": 1.3858733092035567, "config": {"batch_size": 32, "hidden_dim": 128, "latent_dim": 8, "num_classes": 6, "input_dim": 1, "edge_dim": 7}}, "model_B_cycle_6_epoch_12": {"val_loss": 1.3262013060706002, "val_f1": 0.5713164044629805, "train_loss": 1.3632232849087034, "config": {"batch_size": 32, "hidden_dim": 128, "latent_dim": 8, "num_classes": 6, "input_dim": 1, "edge_dim": 7}}, "model_B_cycle_3_epoch_77": {"val_loss": 1.3939529759543283, "val_f1": 0.5435276316133851, "train_loss": 1.3533875478165491, "config": {"batch_size": 32, "hidden_dim": 128, "latent_dim": 8, "num_classes": 6, "input_dim": 1, "edge_dim": 7}}, "model_B_cycle_8_epoch_7": {"val_loss": 1.301179483958653, "val_f1": 0.5782492161638302, "train_loss": 1.3442593327590397, "config": {"batch_size": 32, "hidden_dim": 128, "latent_dim": 8, "num_classes": 6, "input_dim": 1, "edge_dim": 7}}, "model_B_cycle_10_epoch_2": {"val_loss": 1.2750447613852365, "val_f1": 0.5863744119485993, "train_loss": 1.4295049841914858, "config": {"batch_size": 32, "hidden_dim": 128, "latent_dim": 8, "num_classes": 6, "input_dim": 1, "edge_dim": 7}}, "model_B_cycle_5_epoch_13": {"val_loss": 1.2837413907051087, "val_f1": 0.5844432928686049, "train_loss": 1.341037312575749, "config": {"batch_size": 32, "hidden_dim": 128, "latent_dim": 8, "num_classes": 6, "input_dim": 1, "edge_dim": 7}}, "model_B_cycle_2_epoch_12": {"val_loss": 1.2798302888870239, "val_f1": 0.5944344934207824, "train_loss": 1.3513597309589387, "config": {"batch_size": 32, "hidden_dim": 128, "latent_dim": 8, "num_classes": 6, "input_dim": 1, "edge_dim": 7}}, "model_B_epoch_2": {"val_loss": 1.5800952570778983, "val_f1": 0.44100132578259393, "train_loss": 0.23946622567517417, "config": {"input_dim": 1, "edge_dim": 7, "batch_size": 64, "hidden_dim": 128, "latent_dim": 8, "num_classes": 6}}, "model_B_epoch_4": {"val_loss": 1.5404858997889928, "val_f1": 0.4706612576108113, "train_loss": 0.8397135391831398, "config": {"input_dim": 1, "edge_dim": 7, "batch_size": 64, "hidden_dim": 128, "latent_dim": 8, "num_classes": 6}}, "model_B_epoch_9": {"val_loss": 1.5075673954827444, "val_f1": 0.47539454199876346, "train_loss": 0.22386044647012437, "config": {"input_dim": 1, "edge_dim": 7, "batch_size": 64, "hidden_dim": 128, "latent_dim": 8, "num_classes": 6}}, "model_B_epoch_8": {"val_loss": 1.6055221557617188, "val_f1": 0.3867751006701373, "train_loss": 0.4403928871665682, "config": {"input_dim": 1, "edge_dim": 7, "batch_size": 64, "hidden_dim": 128, "latent_dim": 8, "num_classes": 6}}, "model_B_epoch_1": {"val_loss": 1.5404858997889928, "val_f1": 0.4706612576108113, "train_loss": 0.24553222294364657, "config": {"input_dim": 1, "edge_dim": 7, "batch_size": 64, "hidden_dim": 128, "latent_dim": 8, "num_classes": 6}}, "model_B_epoch_3": {"val_loss": 1.5075673954827444, "val_f1": 0.47539454199876346, "train_loss": 0.22663402003901345, "config": {"input_dim": 1, "edge_dim": 7, "batch_size": 64, "hidden_dim": 128, "latent_dim": 8, "num_classes": 6}}, "model_B_epoch_6": {"val_loss": 1.490328584398542, "val_f1": 0.4711421051076494, "train_loss": 0.23384793124028613, "config": {"input_dim": 1, "edge_dim": 7, "batch_size": 64, "hidden_dim": 128, "latent_dim": 8, "num_classes": 6}}, "model_B_epoch_5": {"val_loss": 1.5798416342054094, "val_f1": 0.42680365759269007, "train_loss": 0.23435002820832387, "config": {"input_dim": 1, "edge_dim": 7, "batch_size": 64, "hidden_dim": 128, "latent_dim": 8, "num_classes": 6}}, "model_B_epoch_10": {"val_loss": 1.640508917399815, "val_f1": 0.38220294643975355, "train_loss": 0.32776610127517153, "config": {"input_dim": 1, "edge_dim": 7, "batch_size": 64, "hidden_dim": 128, "latent_dim": 8, "num_classes": 6}}, "model_B_epoch_12": {"val_loss": 1.5414551292146956, "val_f1": 0.4882274682882563, "train_loss": 1.3029954177992684, "config": {"input_dim": 1, "edge_dim": 7, "batch_size": 64, "hidden_dim": 128, "latent_dim": 8, "num_classes": 6}}, "model_B_epoch_7": {"val_loss": 1.490328584398542, "val_f1": 0.4711421051076494, "train_loss": 0.5775935439126832, "config": {"input_dim": 1, "edge_dim": 7, "batch_size": 64, "hidden_dim": 128, "latent_dim": 8, "num_classes": 6}}, "model_B_epoch_18": {"val_loss": 1.6147781780787878, "val_f1": 0.4493116698044211, "train_loss": 0.32655269290719713, "config": {"input_dim": 1, "edge_dim": 7, "batch_size": 64, "hidden_dim": 128, "latent_dim": 8, "num_classes": 6}}, "model_B_epoch_27": {"val_loss": 1.5664163453238351, "val_f1": 0.4386992337087019, "train_loss": 1.074931058713368, "config": {"input_dim": 1, "edge_dim": 7, "batch_size": 64, "hidden_dim": 128, "latent_dim": 8, "num_classes": 6}}, "model_B_epoch_15": {"val_loss": 1.5513237919126237, "val_f1": 0.5013775408037621, "train_loss": 0.31705909626824513, "config": {"input_dim": 1, "edge_dim": 7, "batch_size": 64, "hidden_dim": 128, "latent_dim": 8, "num_classes": 6}}, "model_B_epoch_20": {"val_loss": 1.4882246937070573, "val_f1": 0.4920206052431978, "train_loss": 1.1307402082851954, "config": {"input_dim": 1, "edge_dim": 7, "batch_size": 64, "hidden_dim": 128, "latent_dim": 8, "num_classes": 6}}, "model_B_epoch_14": {"val_loss": 1.5514261518205916, "val_f1": 0.4068969117117392, "train_loss": 0.3176520028284618, "config": {"input_dim": 1, "edge_dim": 7, "batch_size": 64, "hidden_dim": 128, "latent_dim": 8, "num_classes": 6}}, "model_B_epoch_21": {"val_loss": 1.536995802606855, "val_f1": 0.5170944923191567, "train_loss": 0.3773141622543335, "config": {"input_dim": 1, "edge_dim": 7, "batch_size": 64, "hidden_dim": 128, "latent_dim": 8, "num_classes": 6}}, "model_B_epoch_36": {"val_loss": 1.5020365749086653, "val_f1": 0.46120285359923674, "train_loss": 1.1615515291690826, "config": {"input_dim": 1, "edge_dim": 7, "batch_size": 64, "hidden_dim": 128, "latent_dim": 8, "num_classes": 6}}, "model_B_epoch_30": {"val_loss": 1.5086400202342443, "val_f1": 0.39445117184855244, "train_loss": 1.068546096767698, "config": {"input_dim": 1, "edge_dim": 7, "batch_size": 64, "hidden_dim": 128, "latent_dim": 8, "num_classes": 6}}, "model_B_epoch_40": {"val_loss": 1.4882246937070573, "val_f1": 0.4920206052431978, "train_loss": 1.080857927458627, "config": {"input_dim": 1, "edge_dim": 7, "batch_size": 64, "hidden_dim": 128, "latent_dim": 8, "num_classes": 6}}}