{
    "model_A_cycle_5_epoch_5": {
        "val_loss": 0.9091241841620588,
        "val_f1": 0.751742689848977,
        "train_loss": 0.977331319387923,
        "config": {
            "batch_size": 32,
            "hidden_dim": 128,
            "latent_dim": 8,
            "num_classes": 6,
            "input_dim": 1,
            "edge_dim": 7
        }
    },
    "model_A_cycle_4_epoch_43": {
        "val_loss": 0.9241689063133077,
        "val_f1": 0.7408743756467944,
        "train_loss": 1.0001861645397565,
        "config": {
            "batch_size": 32,
            "hidden_dim": 128,
            "latent_dim": 8,
            "num_classes": 6,
            "input_dim": 1,
            "edge_dim": 7
        }
    },
    "model_A_cycle_2_epoch_13": {
        "val_loss": 0.9296198174463096,
        "val_f1": 0.7347232050103102,
        "train_loss": 0.9902992757922369,
        "config": {
            "batch_size": 32,
            "hidden_dim": 128,
            "latent_dim": 8,
            "num_classes": 6,
            "input_dim": 1,
            "edge_dim": 7
        }
    },
    "model_A_cycle_6_epoch_74": {
        "val_loss": 0.88129338558684,
        "val_f1": 0.7638589390207997,
        "train_loss": 0.9554346341190608,
        "config": {
            "batch_size": 32,
            "hidden_dim": 128,
            "latent_dim": 8,
            "num_classes": 6,
            "input_dim": 1,
            "edge_dim": 7
        }
    },
    "model_A_cycle_10_epoch_4": {
        "val_loss": 0.8925350515554983,
        "val_f1": 0.7587429178938817,
        "train_loss": 0.9908198342255666,
        "config": {
            "batch_size": 32,
            "hidden_dim": 128,
            "latent_dim": 8,
            "num_classes": 6,
            "input_dim": 1,
            "edge_dim": 7
        }
    },
    "model_A_cycle_1_epoch_32": {
        "val_loss": 0.9089074151735779,
        "val_f1": 0.7568818787951381,
        "train_loss": 0.9828587330824939,
        "config": {
            "batch_size": 32,
            "hidden_dim": 128,
            "latent_dim": 8,
            "num_classes": 6,
            "input_dim": 1,
            "edge_dim": 7
        }
    },
    "model_A_cycle_8_epoch_72": {
        "val_loss": 0.9475348815850332,
        "val_f1": 0.739750546183475,
        "train_loss": 0.9902048890895032,
        "config": {
            "batch_size": 32,
            "hidden_dim": 128,
            "latent_dim": 8,
            "num_classes": 6,
            "input_dim": 1,
            "edge_dim": 7
        }
    },
    "model_A_cycle_9_epoch_24": {
        "val_loss": 0.9445720226206678,
        "val_f1": 0.745920659520496,
        "train_loss": 0.992403396055208,
        "config": {
            "batch_size": 32,
            "hidden_dim": 128,
            "latent_dim": 8,
            "num_classes": 6,
            "input_dim": 1,
            "edge_dim": 7
        }
    },
    "model_A_cycle_3_epoch_18": {
        "val_loss": 0.9525280531416548,
        "val_f1": 0.7354527177827261,
        "train_loss": 1.0462196475647865,
        "config": {
            "batch_size": 32,
            "hidden_dim": 128,
            "latent_dim": 8,
            "num_classes": 6,
            "input_dim": 1,
            "edge_dim": 7
        }
    },
    "model_A_cycle_7_epoch_66": {
        "val_loss": 0.8860492084888701,
        "val_f1": 0.7595179491551014,
        "train_loss": 0.9721817074092567,
        "config": {
            "batch_size": 32,
            "hidden_dim": 128,
            "latent_dim": 8,
            "num_classes": 6,
            "input_dim": 1,
            "edge_dim": 7
        }
    },
    "model_A_epoch_1": {
        "val_loss": 1.3261638034320047,
        "val_f1": 0.5318155228758948,
        "train_loss": 1.237259140674104,
        "config": {
            "input_dim": 1,
            "edge_dim": 7,
            "batch_size": 64,
            "hidden_dim": 128,
            "latent_dim": 8,
            "num_classes": 6
        }
    },
    "model_A_epoch_2": {
        "val_loss": 1.3700546136139133,
        "val_f1": 0.4943229346801473,
        "train_loss": 1.3330557092707207,
        "config": {
            "input_dim": 1,
            "edge_dim": 7,
            "batch_size": 64,
            "hidden_dim": 128,
            "latent_dim": 8,
            "num_classes": 6
        }
    },
    "model_A_epoch_3": {
        "val_loss": 1.3808786184229749,
        "val_f1": 0.502376843139789,
        "train_loss": 1.244073544410949,
        "config": {
            "input_dim": 1,
            "edge_dim": 7,
            "batch_size": 64,
            "hidden_dim": 128,
            "latent_dim": 8,
            "num_classes": 6
        }
    },
    "model_A_epoch_6": {
        "val_loss": 1.9881101660694636,
        "val_f1": 0.404258532622254,
        "train_loss": 1.2560458699016706,
        "config": {
            "input_dim": 1,
            "edge_dim": 7,
            "batch_size": 64,
            "hidden_dim": 128,
            "latent_dim": 8,
            "num_classes": 6
        }
    }
}